system_id,status,plr_pct_yr,ci_low,ci_high,n_days,n_years,pi_median,first,last
10005,ok,-4.6606035443912734,-5.584103998620404,-3.045044927060662,1085,4,1.3691468441878802,2018-01-01,2021-12-06
10003,ok,-12.954774525088403,-14.580154309983296,-10.573457945378042,1200,5,1.004663609796269,2018-01-03,2022-07-02
10017,ok,-2.7650086915191774,-3.8717163071338834,-1.587605978285045,1707,6,0.9643140637404348,2018-12-30,2023-12-31
10012,ok,-1.3287053916229363,-2.5774761923271856,-0.2610383105371872,1448,6,1.0861959370068783,2018-01-03,2023-12-31
10001,ok,-1.001503801459545,-2.2117519323412016,-0.1000023198369337,1709,6,1.096334844601098,2018-01-01,2023-03-07
10006,ok,-5.200385485308373,-6.848910059806535,-2.886657954711702,1325,6,1.1182267995034911,2018-12-31,2023-12-31
10000,ok,2.707375306978721,1.5414874800573652,4.33067852096565,1758,6,0.922157840623853,2018-01-01,2023-12-31
10010,ok,0.2970062946800123,-0.6185927776898081,1.5913801963564116,1476,6,1.1927736814638903,2018-01-07,2023-12-31
10020,ok,-3.2245641562800613,-3.856422426822403,-2.4647287625603864,2107,6,1.296466188471714,2018-01-01,2023-12-31
10022,ok,-2.7590084992152986,-3.685167152235525,-1.8698163614954575,2108,6,1.2931912370934917,2018-01-01,2023-12-31
10026,ok,0.9268760093328464,-0.1787559001872256,1.828072096633515,2090,6,1.0177875092364783,2018-01-01,2023-12-31
10024,ok,-4.7898338998678565,-5.5150651656142085,-3.835866407392985,2136,6,0.6969269941230964,2018-01-01,2023-12-31
10027,ok,-2.693801241731941,-3.107371814744553,-2.115017792690066,1973,6,0.4458579299932227,2018-01-01,2023-12-30
10031,ok,-11.4602626810122,-12.914121654111549,-10.52163202731683,1290,4,0.7950272583510813,2018-01-07,2021-12-06
10029,ok,0.4903929850460509,-0.3547920503684632,1.2911705144693864,2038,6,1.044509606140445,2018-01-01,2023-12-31
10030,ok,0.2212268737431534,-1.6960012308536303,1.5004840685681105,1230,4,1.0894503052731728,2018-01-05,2021-12-06
10034,ok,0.8499039970574551,-0.9566247215663936,2.461029085434996,1888,6,1.0991835552442797,2018-01-02,2023-12-31
10036,ok,-8.725291200018617,-9.34763086561199,-7.969831345803882,1874,6,0.5855829831920014,2018-06-01,2023-12-31
10039,ok,-0.2389459384662219,-1.6406201467189965,0.8602598198957812,1456,5,1.0085614204965494,2018-01-05,2022-08-13
10037,ok,0.4642958573019884,-0.97161706365142,1.366271154140819,1756,6,1.1768076949705717,2018-01-01,2023-12-31
10040,ok,-1.262119688239118,-1.8829872292588037,-0.7333222941843665,1875,6,0.6796005609233314,2018-01-19,2023-12-31
10042,ok,8.446518841515715,6.773277506992748,10.351992718643778,1298,6,0.7565227772388519,2018-01-01,2023-03-06
10038,ok,2.444574540865263,0.7906112664023635,3.94368748786782,1617,6,1.0487454154790272,2018-01-01,2023-03-07
10046,ok,1.3288937044852966,0.1513650493738789,2.1295257685377544,2033,6,0.8046261492430149,2018-01-02,2023-12-31
10045,ok,-0.5360418264000252,-1.223966553333383,0.2195370266810881,1991,6,0.6626565267448064,2018-01-01,2023-12-31
10044,ok,-0.8989223122450454,-2.1110632329127634,0.956177063620922,1738,6,1.1754060102047394,2018-01-05,2023-12-31
10047,ok,1.80619270729262,0.5754346504378005,3.07197500783105,1707,6,1.1323733241654843,2018-01-05,2023-12-31
10053,ok,-5.076659553024198,-7.213859629869058,-3.3472795472500483,998,6,1.1514978467196353,2018-01-02,2023-12-31
10048,ok,0.6812416776227737,-0.0833037389387134,1.865682256428075,2085,6,1.0444729757644635,2018-01-01,2023-12-31
10055,ok,-16.78717196852516,-18.60081124285505,-14.83098871116444,959,6,1.070047356753297,2018-01-02,2023-12-31
10054,ok,-1.3731191088386496,-2.2360089749359604,-0.1210031097692798,1634,6,0.9295391249090166,2018-01-12,2023-03-07
10056,ok,-0.8660926468111295,-2.736949250581698,0.4506416819391577,1469,6,1.1669096455518615,2018-01-02,2023-12-31
10058,ok,1.3562382820137442,0.2032411961491966,2.1572461694653544,2036,6,0.8747260571348955,2018-01-01,2023-12-31
10059,ok,3.374693693646691,1.826757434012083,4.763427423077848,1760,6,1.056885693888626,2018-01-01,2023-03-07
10065,ok,1.4333385615902512,0.4059001033701793,2.885399484983152,903,3,0.9287730760430862,2018-01-11,2020-12-10
10062,ok,-1.6529572346938526,-3.571497393146505,-0.1304656185036945,1594,6,0.9769697083933988,2018-01-02,2023-12-31
10067,ok,-0.052591452460049,-0.7284685320344516,0.443389187592369,977,4,1.4658573401126738,2018-01-01,2023-12-31
10064,ok,-0.777158477826223,-1.608983158834243,0.4347276373920516,1817,6,1.1043188008317744,2018-01-06,2023-12-31
10068,ok,-3.44902864762562,-4.168175895064707,-2.688217976733489,851,6,1.4073222529478155,2018-01-02,2023-12-31
10070,ok,-2.6929565436455194,-3.8651107491757264,-1.5165940457485982,2030,6,1.1804728217039182,2018-01-01,2023-12-30
10072,ok,0.2446364560422909,-0.6699659718003792,1.2708099319951094,1532,6,1.254962276528369,2018-01-01,2023-03-07
10074,ok,1.0655913146829787,-0.5150028023813198,2.434295480213522,1854,6,0.6825749551560725,2018-01-09,2023-12-31
10077,ok,-1.2092895960686243,-2.102681214184771,0.928129926998185,1240,6,1.2416460656602402,2018-12-31,2023-12-31
10076,ok,-1.4385441092325202,-2.762175206247608,-0.2230694330085547,1930,6,0.9736284294402138,2018-01-04,2023-12-31
10080,ok,0.1321679385575526,-1.165475489660961,1.5695011886474988,1134,6,1.179188565519916,2018-01-08,2023-03-07
10078,ok,-3.6326569907156734,-4.715851099341749,-2.6578577135344283,1891,6,1.1132593270774829,2018-01-01,2023-12-31
10082,ok,-2.8608232857331384,-4.151758070151357,-0.7970647905249484,1680,6,1.2776041918751324,2018-01-01,2023-12-31
10081,ok,2.5389789528712683,1.247082646238154,4.345131353527898,2030,6,0.9259521472512394,2018-01-01,2023-12-31
10085,ok,-0.3249302202990754,-1.1072229480377134,0.4921411393540409,1721,6,1.330718772150656,2018-12-30,2023-12-31
10086,ok,-4.284879358375315,-5.163704761251009,-3.174554124051497,1981,6,1.0940002363796169,2018-01-01,2023-12-31
10088,ok,1.272241336871034,0.3010306728366552,2.212952737222968,1547,6,1.3019637365172203,2018-01-02,2023-03-07
10093,ok,6.979609333868627,4.777515776584362,10.28565218041631,1491,6,0.8742805513835057,2018-01-10,2023-03-07
10105,ok,-12.81470728557543,-13.795158850496342,-11.522440953967973,1783,6,1.0167858269155552,2018-01-01,2023-12-31
10089,ok,0.9864702661431776,-0.1932576102846547,2.4982734742715285,1548,6,1.1794406280506933,2018-01-04,2023-12-31
10090,ok,-4.662441529352241,-5.794447232692113,-3.648627401997073,1958,6,0.6807954199086591,2018-01-01,2023-10-03
10094,ok,-2.310202314171122,-3.155747103414908,-1.708979540249722,1635,6,0.7142708607291296,2018-12-30,2023-12-31
10098,ok,-1.1945638844225837,-2.5757798615869687,-0.2430454516770666,909,6,1.359034594291707,2018-01-03,2023-03-06
10099,ok,-1.4688019479658108,-2.5091065122336573,-0.5005327340668497,1887,6,0.954602461029684,2018-01-11,2023-12-31
10101,ok,0.6363169891691278,-0.2323016511148745,1.728928060876359,2085,6,1.026562243830931,2018-01-01,2023-12-31
10120,ok,-8.601911863956733,-9.86488545704125,-6.935528301257099,858,3,0.9357647925947754,2018-01-01,2020-11-11
10102,ok,-1.6106664878953736,-2.610668513407721,-0.9982450055283644,2081,6,1.1042069446111502,2018-01-01,2023-12-31
10112,ok,1.6137730113035165,0.2345479683151969,2.451512185002347,953,3,1.2327853937225526,2018-01-01,2020-11-11
10103,ok,-0.2400747188699648,-2.536662234523968,1.8573386824162876,1703,6,0.7460926358883317,2018-01-02,2023-12-30
10123,ok,1.0560328088688564,0.1098579363400187,2.339705014870753,792,3,1.055467862079261,2018-01-10,2020-11-17
10135,ok,-0.5181562970563158,-1.297170865014663,0.0353923040505188,2131,6,1.0692369140929137,2018-01-01,2023-12-31
10117,ok,-2.8200431624353706,-4.24616586957084,-0.809065035833836,805,6,1.2647027410286835,2018-01-01,2023-12-31
10110,ok,-0.5783031801185168,-2.431782777077704,0.5430385505644619,1699,6,1.0579163458926302,2018-01-06,2023-12-31
10122,ok,-1.812134969453838,-2.928065923124324,-1.0408644477032762,2053,6,0.9965668597926576,2018-01-01,2023-12-30
10124,ok,-2.981966015492321,-5.300419705664576,-0.8659656720026327,786,6,1.0940278670148205,2018-12-30,2023-12-31
10128,ok,-4.502224498960878,-5.573859163631548,-3.1809044488053995,1403,5,1.1052986742285615,2019-01-14,2023-12-31
10146,ok,-4.743397884674232,-6.698046477202668,-3.5172903689500328,988,3,1.2107395621633652,2018-01-01,2020-11-17
10125,ok,1.340458245256284,0.5912654803098015,2.090556292681278,1755,6,1.127086368133653,2018-01-01,2023-03-06
10129,ok,-0.865844090913992,-2.716387752853955,0.0889679540689025,1972,6,0.8926030201737377,2018-01-26,2023-12-31
10132,ok,-0.5278966568492693,-1.509502366700971,0.4396424397621334,1969,6,0.872701041323902,2018-01-01,2023-12-30
10140,ok,1.2201554533889458,-1.1374257622903985,2.718165079193935,748,6,1.2575812960604766,2018-01-01,2023-12-31
10138,ok,0.3142205586438962,-1.1700647062841885,1.6129538459362935,1842,6,1.0420077809141433,2018-01-01,2023-12-31
10142,ok,-2.8592606339182813,-4.575902982416135,-1.1048596545092382,1364,6,1.1808630860996936,2018-01-01,2023-12-31
10147,ok,6.839232598459322,5.905748401439181,7.805133197018954,1741,6,0.9000878323160657,2018-01-01,2023-12-31
10143,ok,-2.253347721690968,-3.2413846202452463,-1.1218698091739476,1962,6,1.006616300102838,2018-01-12,2023-12-31
10151,ok,1.8577508673014664,0.6055450766294879,3.6654712261173774,1687,6,0.9738529735461996,2018-01-02,2023-03-04
10152,ok,-0.219753931935857,-1.5039011648446232,1.0815484133633424,1548,6,1.2641263944348295,2018-12-30,2023-12-31
10159,ok,0.0653776248399351,-0.6759502684417606,0.8652580058374765,1623,5,1.2288217628336804,2019-01-09,2023-12-31
10168,ok,2.3143756323516254,1.3575483860059,3.471425932354784,1865,6,1.1746874975333994,2018-01-01,2023-12-31
10166,ok,-0.551457410607864,-1.4681219717444738,0.5315723930972571,1912,6,1.013950496196668,2018-01-16,2023-12-27
10161,ok,3.3599634894029355,0.2153122282266799,5.298933534032101,1043,6,1.1615868731780423,2018-01-02,2023-12-31
10167,ok,-1.7658377118492643,-3.607884310191295,-0.4922727608318456,1492,6,1.1151722072665784,2018-01-04,2023-12-31
10180,ok,2.213311690674884,0.0028557615082414,3.317333221552632,1438,6,1.1417730507187516,2018-01-01,2023-12-31
10162,ok,10.577082428430291,8.401051908417989,11.986242364156308,1495,6,1.1213163562504282,2018-01-01,2023-12-31
10170,ok,2.7012566905887554,0.5051652945325247,4.144358844385366,1507,6,1.0467350959432369,2018-12-30,2023-12-31
10171,ok,-1.408673187524201,-2.5428111742240613,-0.5060795628884396,1731,6,1.015815776652554,2018-04-09,2023-12-31
10172,ok,-1.732128127110938,-2.4222358293326085,-0.6901042202760155,1748,6,0.7517113441135794,2018-01-01,2023-12-31
10173,ok,-0.3772670240131948,-1.675933713705324,0.7624348712610196,1736,6,1.1073768512687563,2018-01-01,2023-12-30
10176,ok,0.461526718295302,-1.0135786272594371,1.8927578616670104,977,3,0.8249813703697342,2018-01-10,2020-11-18
10169,ok,1.1271593322686957,-0.2085760008591801,2.3666169571848528,1574,6,1.2572932816216835,2018-12-30,2023-12-31
10197,ok,19.48012858419788,16.755058532193786,22.33692073422553,2034,6,0.8931222207708881,2018-01-01,2023-12-31
10183,ok,-0.2711056307131697,-1.3600813642821423,0.549082197870288,1034,3,0.932553479959103,2018-01-01,2020-11-18
10174,ok,2.787838205574289,1.3633248037294488,4.316004028586761,1575,6,1.0749045310044487,2018-01-10,2023-12-31
10200,ok,-3.3309264146106647,-4.439888743775273,-2.128711509670075,983,3,1.2520166008280085,2018-01-01,2020-11-18
10178,ok,-0.611909801005981,-2.739132567901948,1.5707337186420365,1509,6,1.1206537557794665,2018-01-01,2023-12-31
10181,ok,0.4166330659095872,-0.374728665132773,2.01324946601347,1989,6,1.1240634508012974,2018-01-01,2023-12-31
10210,ok,-2.260780087772108,-3.6032737525839456,-1.0294126705591098,1692,6,1.1296320056062568,2018-01-01,2023-12-24
10194,ok,-0.8027316638855364,-1.6341782253199593,-0.2067549941408231,2126,6,0.747029767641654,2018-01-01,2023-12-30
10193,ok,-2.1762127365576625,-2.816146914748657,-1.1238748534199483,1706,6,1.202767384628146,2018-12-30,2023-12-31
10198,ok,-7.0863236359754005,-8.190027606195176,-5.114600169762514,749,6,1.2313550483118492,2018-12-31,2023-12-31
10196,ok,-0.6363280275572869,-1.381508447363777,0.1120678331792915,1154,6,1.3039792653697218,2018-01-01,2023-12-31
10201,ok,1.4892726362951358,-0.5109780809004861,3.232691639021001,1065,6,1.1865669048837102,2018-01-09,2023-12-31
10209,ok,-1.315283556239605,-2.6335567287127373,-0.1654854284213414,997,3,1.2110181973792509,2018-01-01,2020-11-18
10204,ok,-0.5125114080695381,-2.485590163286936,0.5084081442700672,1751,6,1.1388795530442832,2018-01-01,2023-12-31
10207,ok,1.61789670342816,0.1335530957212574,2.5249921660157746,2077,6,0.9935294474743948,2018-01-02,2023-12-31
10206,ok,-1.138912632545752,-2.4174092458933547,-0.1890982590345993,1877,6,0.8888147733301072,2018-01-01,2023-12-31
10208,ok,-0.1226303176188048,-1.131284719306233,0.5417966201310846,1052,6,1.4146066558964216,2018-01-02,2023-12-31
10214,ok,-0.8543834739034049,-2.0374976221395724,0.5113603948307066,1984,6,1.0698959193702362,2018-01-01,2023-12-31
10216,ok,-2.35269812311556,-3.9777861517015234,-1.2472211861152882,1414,6,1.1470532319731803,2018-01-01,2023-12-31
10223,ok,-0.2383860495087268,-1.249118243040992,0.441759839566469,909,6,1.4730825024304517,2018-01-02,2023-12-31
10218,ok,-1.5574497875778588,-2.246352227689252,-0.7373114686191004,2030,6,0.8097223446128201,2018-01-01,2023-12-31
10224,ok,2.7349068534053167,0.4756497238025847,3.717079624468757,1942,6,1.08844346166589,2018-01-01,2023-12-31
10227,ok,-4.043558697141315,-5.018787514592759,-3.0552914258908714,1885,6,0.7812576721520093,2018-01-07,2023-12-31
10246,ok,-1.816991853837624,-2.8581306948696223,-0.711034507171715,2013,6,1.2259200946043296,2018-01-01,2023-12-31
10232,ok,-3.105734237608904,-5.54293698128174,-1.83204784803,1168,6,1.2949153887895013,2018-12-31,2023-12-31
10236,ok,-1.0360440748072852,-1.9080965016939455,-0.5221978792275607,2012,6,0.9164348510233208,2018-01-01,2023-12-31
10255,ok,0.2739504718387938,-1.036413606418261,1.5285771404668358,1711,6,1.086313058150232,2018-01-01,2023-12-26
10238,ok,-0.9941931563311855,-2.8276735498498784,-0.2886688812781101,1745,6,1.1575949852306535,2018-01-01,2023-03-09
10243,ok,-0.7919246723227716,-2.283408865507508,1.24763231180486,1645,6,0.9409050263358456,2018-04-29,2023-12-31
10244,ok,-0.4719773816529345,-1.3054319160583527,0.4615885093763872,2052,6,1.349990999740296,2018-01-01,2023-12-31
10245,ok,1.4371651844445887,0.4124929129789789,2.4923635934297472,1919,6,1.2257338653740493,2018-01-01,2023-12-31
10268,ok,-2.512835175837295,-3.4463696615421218,-1.8061370882371588,1570,6,1.3046830265485756,2018-01-01,2023-09-16
10253,ok,-1.9080391205626137,-3.038846037367249,-0.4928760258668951,1701,6,1.0243243036050622,2018-12-30,2023-12-31
10257,ok,0.17135548634295,-1.5789839587253205,1.7647921333474406,1339,6,1.2206058192512788,2018-01-01,2023-12-28
10259,ok,-0.8961324841283314,-1.4470664714854031,-0.0933759089536952,2044,6,0.8114971561212287,2018-01-01,2023-12-31
10261,ok,-1.730602436133344,-2.286646257587388,-1.244718195673033,1035,6,1.388687357140926,2018-01-01,2023-12-31
10264,ok,-0.9952528939868346,-2.8338458590716487,0.5778870504956402,1250,6,1.0502251821818027,2018-01-02,2023-12-30
10265,ok,-0.5020776987689768,-2.529575576734999,1.3215711988628476,1488,6,0.9919002445070454,2018-01-10,2023-12-31
10266,ok,3.33894303299207,-0.5026795301204423,8.40240214503214,1465,6,1.1959379653696809,2018-01-01,2023-12-31
10285,ok,-3.2264913515303726,-4.295218117166422,-1.7567480375151416,1008,3,0.7872769307487419,2018-01-01,2020-11-19
10273,ok,2.265108575810209,1.030394850784333,3.276144224733905,1474,6,1.2707904671539223,2018-01-05,2023-10-29
10277,ok,1.0575788903526615,-0.5540711585548082,2.428778940348353,1843,6,1.1631690540376105,2018-01-01,2023-12-31
10283,ok,-0.1962326882669063,-1.728408768591408,1.406852211576756,1351,6,1.1997366007604924,2018-01-01,2023-03-09
10282,ok,-0.6235387215472121,-1.7161508396195846,0.6865164067096585,1064,6,0.9391163677604536,2018-12-30,2023-12-24
10294,ok,0.2976461156926768,-1.9772970272397667,2.600314577807114,813,3,1.0702294352205768,2018-01-11,2020-11-20
10286,ok,-2.485810752169248,-4.066997625445646,-1.007400586568697,736,6,1.3180605368416969,2018-01-02,2023-12-31
10293,ok,-3.253039849318483,-4.01248442795597,-2.650885925998364,1970,6,0.79477678392358,2018-01-01,2023-12-31
10306,ok,-2.372206690244482,-3.067458191441952,-1.3126756027825537,1902,6,1.2095983451526284,2018-01-01,2023-10-24
10291,ok,-2.102604526532385,-3.682432762843116,-0.3012475110849842,853,6,1.2946007156352095,2018-01-03,2023-12-31
10289,ok,0.5535181576249654,-0.6300055045100802,2.329621567227247,1892,6,1.0973812340033446,2018-01-02,2023-12-31
10300,ok,-3.3766989624529176,-4.71058298473449,-2.09886881638413,1615,6,1.0165501800387309,2018-01-01,2023-12-30
10301,ok,-1.596784572445897,-2.6970927563105795,0.2446055448123374,1229,6,0.877443525203992,2018-01-01,2023-12-31
10297,ok,-1.876318597839488,-3.1024039679985798,-0.9391910950597993,1979,6,1.0357390513800206,2018-01-09,2023-12-23
10312,ok,-1.5007346771931795,-2.9415835527231926,-0.4681311270639143,1982,6,1.0391799018429717,2018-01-09,2023-12-23
10303,ok,-0.5351905753919028,-1.13956530883411,0.4605562116426567,1755,6,1.277785902483796,2018-04-09,2023-12-31
10307,ok,-0.8723446761132791,-1.8826784941373689,0.2264540151891925,1848,6,1.150048678612564,2018-01-01,2023-12-31
10327,ok,-6.884374186533481,-7.516200123088631,-5.975396751502654,1709,6,1.2399900529650012,2018-01-01,2023-03-10
10314,ok,0.2730463397979419,-0.2622258575775527,0.6960793808699073,1708,6,0.2371866796906849,2018-01-01,2023-12-31
10328,ok,0.4991099475475277,-1.277746436802507,2.248472286649039,1033,3,1.0535672028660157,2018-01-01,2020-11-20
10311,ok,-2.857830373759457,-3.687829532893616,-2.1440581911022494,1579,6,1.167578686943487,2018-01-01,2023-12-31
10319,ok,-0.5349677673369024,-2.2154656448772987,1.0135820651694183,1393,6,1.1180413794104118,2018-01-01,2023-12-31
10322,ok,-1.3858778738104187,-2.1193734991338475,-0.2103383911618832,2009,6,1.2576073606861735,2018-01-01,2023-12-31
10330,ok,2.1130618010717086,0.3830018691984849,3.218083247230785,1706,6,0.9919975178055191,2018-01-01,2023-03-10
10332,ok,1.461363019787748,-0.0571956855947911,2.9819445840177905,1679,6,0.9615867866570522,2018-01-11,2023-12-30
10333,ok,-1.4184834368996313,-2.297283023725509,-0.2971998587245903,1261,6,0.779648953835654,2018-12-30,2023-12-31
10331,ok,-5.046807246270979,-5.901591421732954,-4.237115910422404,1987,6,0.9612957644979948,2018-01-01,2023-12-31
10334,ok,-1.6803399102636618,-2.964247754310212,0.3444011735645374,1872,6,0.9063175718890576,2018-01-09,2023-12-17
10340,ok,-1.4925845867351462,-2.92446780987844,-0.4855201617089836,1821,6,1.022976479489479,2018-01-01,2023-12-31
10348,ok,-5.695765872597287,-7.467571919172289,-4.279360363801777,1589,6,0.7070569310309445,2018-01-01,2023-12-31
10355,ok,-0.0105972624075318,-1.2821134541912915,1.2929914718312396,1174,6,1.1929647477207117,2018-01-06,2023-03-09
10358,ok,-6.582070393289374,-8.3298268855859,-5.413509146920903,1426,6,1.0185762764609685,2018-01-03,2023-12-31
10347,ok,-0.6852089821829499,-1.8580465407184168,0.3478921036206506,1996,6,0.8863172019947383,2018-01-02,2023-12-31
10363,ok,-1.411041483836878,-2.5352216921167754,0.1857493687733247,1973,6,0.9851001650470104,2018-01-01,2023-12-31
10365,ok,0.4995079119086698,0.071104891913809,1.3320850864982985,2168,6,0.769872262030279,2018-01-01,2023-12-31
10369,ok,-0.035666309684923,-0.6360415762733116,0.8187026766669381,2010,6,0.6503180332120926,2018-01-01,2023-12-31
10366,ok,0.334788738982128,-0.1829992812030243,0.8316674868391494,2053,6,1.03440195427901,2018-01-01,2023-12-31
10372,ok,0.1331055691976224,-1.0823833416148232,1.1333487145823162,1840,6,0.984500496040408,2018-01-01,2023-12-31
10375,ok,-1.5884041364669477,-3.3691565450612915,-0.0535570031108804,1700,6,1.0334757756912474,2018-01-09,2023-12-17
10373,ok,-2.1324812515374107,-4.941171355289167,1.452430728893254,828,6,1.1485598566154014,2018-01-01,2023-12-31
10377,ok,0.0948917918021303,-1.3369653034634887,1.3909433754444311,1708,6,1.0842942838063083,2018-12-30,2023-12-30
10378,ok,-1.613202981239864,-2.576737647179211,-0.8215321417254895,2099,6,0.8999322974401816,2018-01-01,2023-12-31
10379,ok,0.4303065753751868,-1.7533698102723427,2.3915680665125203,909,6,1.2264512637632003,2018-01-11,2023-12-30
10398,ok,-1.6748173265473278,-3.6561521866281006,-0.2962257866230805,998,6,1.0907162960812322,2018-01-01,2023-12-23
10386,ok,0.5303904848092456,-0.5716309545689803,1.4388194005663235,1927,6,1.1273375722051018,2018-01-01,2023-12-31
10388,ok,-1.6938793346277028,-5.127525073673805,0.2924453643479929,1257,6,1.1286642724405838,2018-01-08,2023-12-31
10392,ok,-2.560039358896582,-3.936322279684079,-1.886155906908448,1610,6,0.8302573577172665,2018-01-10,2023-03-09
10391,ok,-3.5303267499624367,-4.874022202753453,-2.841791966085594,1649,6,0.8368701586042545,2018-01-08,2023-12-29
10394,ok,-0.2415376630931006,-0.5628292479903485,0.1591227860712807,1981,6,1.234475405351278,2018-01-01,2023-12-31
10393,ok,-0.1207402692004144,-2.3739502162514694,2.6180493687776307,1355,6,1.0604424680652562,2018-01-08,2023-12-29
10387,ok,-2.312406432367747,-3.854100457598545,-0.8751325529102356,1399,6,1.167121534498061,2018-01-01,2023-12-31
10395,ok,-0.277574092966365,-1.1201524378760486,0.4763809014582113,1944,6,0.6670950068954995,2018-01-01,2023-12-31
10396,ok,3.688146866739628,0.2189953338789197,5.899507330039167,1236,6,1.0512458219272405,2018-01-02,2023-12-31
10399,ok,-0.3461158203110858,-1.4965918681068973,0.7197658254842365,1716,6,1.005145524529536,2018-01-01,2023-12-31
10409,ok,-1.6438171348442914,-3.754394791512139,0.3928697469103389,856,3,1.0706254733188434,2018-01-04,2020-11-21
10400,ok,-1.981463649619136,-2.7059538699475416,-0.6795248166936441,2015,6,0.7084130176021799,2018-01-01,2023-12-31
10405,ok,-1.0959145443546925,-1.8911349097061083,-0.4505962889795101,1906,6,0.4924121235307019,2018-01-09,2023-12-28
10406,ok,1.4766093620746323,-0.4175076083958806,3.32148182116514,1235,6,1.1194740635928964,2018-12-30,2023-12-31
10413,ok,1.931818387393619,0.8236401452595743,2.5278274391151934,1437,5,1.1087438915618992,2019-01-09,2023-12-31
10416,ok,-0.3700852984394519,-0.9772019950001098,0.0538549474680793,1781,6,1.261126881564849,2018-12-30,2023-12-31
10422,ok,-1.5234957461051302,-2.9769876786446123,0.2601999191581932,987,3,1.1268962924063783,2018-01-01,2020-11-21
10421,ok,0.6019994880641505,-0.5795061062705987,2.299694241876032,730,3,1.3312553996878198,2018-01-01,2020-11-21
10417,ok,-2.4631079045016824,-3.940550964373135,-0.6630368926207275,1514,6,1.177829967453731,2018-01-02,2023-12-31
10419,ok,-0.0280212853663676,-1.01514762998961,0.9149999816848712,1669,6,0.7124297937337546,2018-01-01,2023-03-10
10429,ok,-6.3552440929820015,-6.877072983409449,-5.391329810755337,1795,6,0.8336252258658368,2018-12-30,2023-12-31
10432,ok,3.8776970317168313,2.1905095423520207,6.350796999537045,1090,6,1.1301638920379211,2018-12-30,2023-12-24
10442,ok,-2.4621649274677138,-2.841314782348775,-1.778936328224049,1719,6,1.0206039264756996,2018-12-30,2023-12-31
10443,ok,-1.70595794706776,-2.3934043429962077,-0.682095356349044,1620,6,0.6614420873684113,2018-12-30,2023-12-31
10444,ok,-1.589870187353215,-2.7766501944606947,-0.2379060392248,1958,6,1.1105451863095168,2018-01-01,2023-12-31
10448,ok,-1.6548701616832897,-3.165312025801281,-0.4741988615342363,1500,6,1.1832742184910083,2018-01-06,2023-12-28
10452,ok,1.7470906368475407,0.5394599089604046,3.2653925876463146,981,6,1.303386409018989,2018-12-30,2023-12-24
10451,ok,-0.1883256179007449,-1.5716738866644595,1.1611555874008528,1834,6,1.0474336453897797,2018-01-01,2023-12-31
10453,ok,-1.5681562208783584,-2.9117494863772686,-0.5825825852673328,1606,6,1.1136581252913458,2018-01-01,2023-12-31
10455,ok,-2.8582508769354087,-3.939114438825497,-1.9062522568415008,1394,6,0.507851609911879,2018-01-08,2023-03-20
10457,ok,0.9909502750332422,0.0468356644528489,2.4592940237474443,1742,6,1.0844353264702895,2018-01-01,2023-12-30
10458,ok,-1.1728680955768955,-1.8527012128655929,-0.2599781865907702,2080,6,0.6165257872930082,2018-01-02,2023-12-31
10460,ok,-0.7584452057491651,-1.8433013703050252,0.2294713980951943,1771,6,1.129399576741493,2018-01-09,2023-12-31
10462,ok,2.69075503590166,1.367652261283547,3.596518653844856,1578,6,1.2222387066013995,2018-01-08,2023-12-31
10461,ok,-1.1594115338240618,-1.9256520343446493,0.26825218230343,1965,6,1.1773549448446166,2018-01-01,2023-12-31
10464,ok,-0.5752020948943892,-1.3677522193104696,0.1618157965033886,1773,6,0.7441071564597079,2018-01-07,2023-12-29
10465,ok,2.4906502614899457,0.4843557030417568,3.764029234905797,1445,6,1.0515189345508829,2018-01-07,2023-03-20
10466,ok,-4.983312515137248,-7.109674101718178,-3.838461758415797,852,6,1.2498115737896476,2018-01-01,2023-12-31
10486,ok,-0.578556751086301,-1.4185146258846744,-0.0410932188948276,1901,6,1.164591046287157,2018-01-01,2023-12-31
10478,ok,0.3571811750762599,-1.07549880482707,1.4910065206747647,1725,6,0.7844426730899846,2018-08-12,2023-12-30
10482,ok,-3.740942893742272,-4.2028963579836764,-3.269117622667439,1694,5,1.0444528055651012,2018-01-01,2023-12-31
10483,ok,4.789209337272382,3.50350866920075,6.219309325099703,2006,6,0.977949922272498,2018-01-01,2023-12-30
10479,ok,-2.8064887270919807,-3.70645078202345,-1.4811050699358064,2006,6,0.9449150474444784,2018-01-01,2023-12-31
10491,ok,-0.6381862938151794,-2.022460057143153,0.7554576283633927,1800,6,1.2620988854445938,2018-01-03,2023-12-31
10485,ok,-2.3278335153630536,-3.143600758253906,-1.552509293709492,1171,6,1.4528855742510618,2018-01-03,2023-12-31
10495,ok,-0.581292031514824,-2.113661047476967,0.8253971558969159,1782,6,1.139057707449728,2018-01-01,2023-12-31
10499,ok,-0.6333919334839654,-2.074270160064451,1.671867899763542,1507,6,1.072709076354034,2018-01-11,2023-12-30
10496,ok,3.523639326031004,2.079150006457446,5.462177824865596,1963,6,1.0989123854191176,2018-01-01,2023-12-31
10503,ok,0.7514886623931849,-0.0144664801893901,1.7917969967588876,2055,6,1.0707749595421785,2018-01-03,2023-12-31
10509,ok,-1.532824359124929,-2.4818315291543103,-0.2614879070611198,1907,6,1.0780869828475657,2018-01-01,2023-12-31
10498,ok,1.140328849784641,0.1201251586003815,2.9167976701321687,1537,6,1.132394003486454,2018-01-01,2023-12-31
10506,ok,0.5568185510994028,-0.6407017840311058,1.1150513096451098,2117,6,1.0753011909764922,2018-01-01,2023-12-31
10507,ok,-1.1705604692157412,-2.253264280286569,0.3879057916868267,1862,6,1.1406943531840237,2018-01-01,2023-12-31
10508,ok,0.4674339879473022,-1.8353115070571024,3.2481092678109094,1134,6,1.1593687178046277,2018-12-31,2023-12-31
10516,ok,0.0072763571853484,-1.291280246933374,0.8460714411941295,1981,6,1.0554278152709735,2018-01-01,2023-12-31
10514,ok,-5.604370022840559,-6.294289272486927,-4.981799803821008,1787,6,0.5546022260770991,2018-01-01,2023-03-23
10513,ok,-1.0812162330958497,-1.7548368298557435,-0.1039734014110782,1924,6,0.8894974413067669,2018-01-10,2023-12-31
10510,ok,-1.521598345616837,-2.592785121907581,-0.7475886956310851,1992,6,0.9877014280134592,2018-01-01,2023-12-31
10520,ok,-2.0309264942265903,-2.703544569306622,-1.276042549446721,2098,6,0.7036518056651277,2018-01-01,2023-12-31
10517,ok,-0.4419671720240899,-1.835436328599645,1.2517752273687968,848,6,1.3132240070689971,2018-01-01,2023-12-31
10521,ok,-2.5300204000941906,-3.507670130207105,-1.4726980560657243,1745,6,0.7123717115022966,2018-01-01,2023-12-31
10519,ok,1.181347785774134,-0.1065674370973981,2.078229407147562,1600,6,1.3145453282172206,2018-01-01,2023-12-31
10518,ok,2.4568573820106465,0.4345836022115159,3.7687236113103872,1577,6,1.1224552137534758,2018-01-04,2023-12-31
10523,ok,-1.862693092611156,-2.7332690985635324,-1.3034364879969078,1447,6,0.6698840300997272,2018-01-09,2023-03-24
10526,ok,-0.9405818406209132,-1.6372707017121568,-0.420476602307207,2019,6,0.6682079186454336,2018-01-01,2023-12-31
10525,ok,2.4297423790325787,0.7172524276810366,3.867117458443525,1517,6,1.0223504974603226,2018-01-01,2023-12-31
10529,ok,0.8549158336325835,-0.3559452329431001,2.804248603726034,1574,6,1.1378040350088685,2018-01-02,2023-03-24
10528,ok,-0.1814671308410956,-1.2236158628260956,0.5298666033398569,1392,6,0.936346103552812,2018-01-08,2023-12-30
10532,ok,-2.037104922745531,-2.8824965772823616,-1.211880288242978,1788,6,0.6861879777751823,2018-01-01,2023-03-24
10535,ok,-0.068126686019565,-0.9330230521260364,1.126729845018403,1730,6,0.9834246808257704,2018-01-06,2023-12-30
10545,ok,-2.224348007013477,-3.8388912694236166,-1.0028231427046987,988,3,0.7087234705151914,2018-01-01,2020-11-06
10537,ok,-0.3091455684453175,-1.294445799785144,0.7902516798758752,1638,6,1.2495258672146163,2018-01-01,2023-03-24
10541,ok,-2.5214660512633325,-3.8280895112537294,-0.6180187218334132,1632,6,1.0620572991940684,2018-01-01,2023-12-31
10538,ok,-2.4615377684205577,-4.546287569101224,-1.2012453516905053,1057,6,1.056724854341663,2018-01-02,2023-12-31
10551,ok,-0.1327829656107115,-1.3786123708741105,0.7791166947383021,1547,6,1.1873447006970492,2018-01-01,2023-12-31
10556,ok,-0.4957816771176904,-1.6340151841373451,1.163846303061833,1871,6,0.858364227952936,2018-01-13,2023-12-31
10554,ok,-6.060170608237647,-8.820430758953297,-4.809150885208879,889,6,1.195354792932952,2018-01-01,2023-12-31
10559,ok,4.939444151687813,3.508159159205619,6.71817324792724,1892,6,0.9507558701684732,2018-01-02,2023-12-31
10569,ok,-3.045371511141848,-5.03575825148862,-1.2342267308004695,1667,6,0.8364690795819767,2018-01-09,2023-12-30
10572,ok,-2.6658539580432405,-3.808715739905244,-1.874921734778512,1711,6,0.99181126028529,2018-01-08,2023-12-31
10571,ok,-1.9053790794558103,-2.8518931352407795,-1.2482100780884593,2098,6,0.8259242448579295,2018-01-01,2023-12-31
10583,ok,-5.297311472262807,-6.573999052495465,-3.552427607869729,757,6,1.3009153686950274,2018-01-16,2023-12-31
10594,ok,0.2273215419503649,-0.4705719446373292,1.273624489737435,1961,6,0.9473386018865668,2018-01-11,2023-12-31
10591,ok,2.936330198414694,0.8029589033733409,5.028801580625418,858,6,1.04169090811056,2018-01-01,2023-12-31
10592,ok,-1.7116596150725505,-4.578408366090743,0.7125343798264628,1288,5,0.8937234742302148,2018-01-01,2022-11-15
10595,ok,-0.7467574923694091,-1.7142744546131965,0.1853910773456758,2095,6,0.8046238101110308,2018-01-01,2023-12-31
10598,ok,-0.6868156540297501,-1.6207290037433404,0.5088741425784749,1496,6,1.18087258917063,2018-01-02,2023-12-31
10604,ok,-8.323920042328247,-9.371248869406642,-7.201981612929313,1700,6,1.2305404502348802,2018-01-01,2023-12-31
10590,ok,1.023056294793296,-0.5526273458740127,2.202820855772502,2007,6,1.1959292822221417,2018-01-01,2023-12-31
10605,ok,-1.2994635128485224,-3.1584713308000776,0.0568693719347423,1571,6,0.9402730665397449,2018-01-01,2023-12-28
10606,ok,-1.2065246377219507,-2.6060408097453025,1.3874735150288142,1562,6,0.964570921350654,2018-01-03,2023-12-31
10607,ok,-0.8816151209940264,-2.867190587892388,0.6662937923631738,1219,6,0.9625961842418256,2018-12-30,2023-12-31
10612,ok,1.3550374149135502,-0.7338975963275851,3.1729537386673723,1476,6,1.001154827363866,2018-01-02,2023-12-28
10614,ok,-0.2411205065539929,-1.3840259368264274,0.745836774728368,1896,6,0.9901759800898192,2018-01-01,2023-12-31
10611,ok,0.5338959291084411,-1.04423891327452,2.498081335397607,1446,6,1.0574435589829192,2018-01-01,2023-12-28
10619,ok,-0.0485576727610761,-0.8925480366549832,0.9111177773412528,1528,6,0.8182429924262049,2018-01-01,2023-12-31
10617,ok,-2.077309836986521,-3.20258412409562,-1.3244612833260136,1504,6,0.8705486312730163,2018-01-05,2023-12-31
10625,ok,-1.537013716242639,-2.877462136800168,-0.5978765975840293,1412,6,1.1191696111309817,2018-12-30,2023-12-31
10626,ok,-0.4265023277125284,-1.604378280269125,1.0883621765611584,1813,6,1.0462063598268363,2018-01-12,2023-12-31
10621,ok,-2.263292300359021,-2.957660985685351,-0.7349410935096147,1600,6,1.1405815060919766,2018-01-03,2023-12-31
10630,ok,1.0406887214066296,-0.0631643563880516,2.437166861195206,1954,6,0.9308521227658708,2018-01-01,2023-12-31
10631,ok,-6.796707605199526,-7.676808775116304,-5.9338682151337725,1069,6,1.09143471388684,2018-01-02,2023-12-31
10634,ok,-0.2044957446929456,-1.6020091594147745,1.2368053553972285,1862,6,1.0594109822185491,2018-01-02,2023-12-31
10632,ok,1.4083864897721177,-0.567936354327403,2.6354512778348185,1720,6,1.1111283754897174,2018-01-01,2023-12-31
10640,ok,-1.4056792745306357,-1.9924829939110216,-0.9015321538127452,2100,6,0.7875499095070423,2018-01-01,2023-12-31
10643,ok,-1.2767465566463354,-1.9327375415104144,-0.3499438694882285,993,6,1.5140023813277983,2018-01-03,2023-12-31
10646,ok,-7.182671079126006,-9.352923883689469,-5.700363815253443,1660,6,1.069187042846738,2018-01-09,2023-12-31
10641,ok,0.5123095798158839,-1.0840669622789048,2.114484660848544,1571,6,1.2200538242623231,2018-01-05,2023-12-31
10647,ok,1.4448751209057606,0.2218797567578256,2.4536561145305225,1525,6,1.0709692303202554,2018-01-09,2023-12-31
10651,ok,2.870301904031902,0.7005118915120123,4.198647192505289,1598,6,0.832917983670189,2018-01-11,2023-12-30
10649,ok,0.0236221444404765,-0.9723193993641744,1.1282415837471138,1706,6,1.1273552995045093,2018-01-01,2023-12-31
10653,ok,-2.180116583944931,-3.2554382922722613,-1.2157469989124468,2010,6,0.9423881911750764,2018-01-11,2023-12-31
10655,ok,-1.857862278651801,-2.454843690031076,-1.3831871838141108,1893,6,1.47552245558174,2018-01-02,2023-08-21
10664,ok,1.2112176898888771,0.660393285788633,1.8479063733320256,2170,6,0.712652472654547,2018-01-01,2023-12-31
10665,ok,0.0634167279683224,-2.240704779053376,1.4853106593979586,837,6,1.1398343975511327,2018-01-02,2023-12-31
10659,ok,-0.6426743849121619,-1.3649203620472783,0.3774783273229165,2040,6,0.6580534898941077,2018-01-01,2023-12-31
10668,ok,-5.036547999733642,-5.8859765085868325,-4.114251051209294,1983,6,0.7282744427218018,2018-01-01,2023-12-31
10673,ok,1.9462548638555148,0.9268787144887904,2.754797165123213,816,5,1.5055275068859024,2018-01-03,2022-07-03
10686,ok,0.1343753896027118,-2.398978854389233,2.387711467992999,896,6,1.1347129328412036,2018-01-01,2023-12-23
10689,ok,3.9115053856711657,3.0270977777561603,5.110304058563586,2025,6,0.8429413597304489,2018-01-01,2023-12-31
10674,ok,-0.3816823193459773,-1.1685408242664554,0.4074435082644267,2019,6,1.183025827375983,2018-01-02,2023-12-31
10678,ok,-5.66597750572333,-6.816041608404522,-4.472860332533257,1722,6,0.9055606835687716,2018-08-12,2023-12-31
10677,ok,-0.9002539784177477,-1.2917374820149763,-0.2643320535536453,2088,6,0.7879864914547406,2018-01-01,2023-12-31
10682,ok,-0.99573971540734,-1.971095257317568,0.2840153295205731,1831,6,1.1878121915543052,2018-01-03,2023-12-31
10675,ok,-1.854883903199012,-2.54057502020082,-1.2424024191890164,1100,6,1.3091003408729864,2018-01-02,2023-12-31
10681,ok,-1.8099491360578976,-2.6567912930705706,-1.1021896224086114,1903,6,1.131706801418555,2018-01-01,2023-12-31
10692,ok,-0.1600092781376687,-0.6707706152783932,0.526668285823273,1530,6,1.2009285639202143,2018-01-02,2023-12-31
10690,ok,-0.341896465904048,-1.41502300377494,0.6174455492053754,2047,6,1.1738533377782512,2018-01-01,2023-12-31
10713,ok,-8.817405033894644,-9.856558640426227,-8.026180037367649,2044,6,0.8709224229686898,2018-01-01,2023-12-31
10694,ok,0.3363123570915707,-0.2322803709196632,0.954097998600361,2037,6,1.4475871837038727,2018-01-02,2023-12-31
10696,ok,-0.4187938109161404,-1.5041933087443522,0.8234963500062307,1993,6,1.1197987249647254,2018-01-01,2023-12-31
10723,ok,-0.9185572259111614,-2.160987017723337,0.1817316317953787,1537,6,1.3482384449803275,2018-01-01,2023-12-30
10697,ok,-0.9960714335887966,-1.7247405779915237,-0.4109375180963603,1599,6,1.4742907233149856,2018-01-01,2023-12-31
10699,ok,1.6904411264407166,0.7911963306716365,2.736656161114794,1926,6,0.810646089553771,2018-01-01,2023-12-31
10705,ok,-7.791417049505155,-8.993779441042525,-5.188980122581933,817,6,1.3171895579569062,2018-01-03,2023-12-31
10708,ok,-2.747239208044112,-4.980809602870313,-1.02448398248286,1365,6,1.115215921475028,2018-01-01,2023-12-31
10716,ok,-0.9028510271396506,-1.444186586586782,-0.3125869409371651,1809,6,0.5688108642184025,2018-01-01,2023-12-31
10703,ok,-1.4468900686666497,-2.280726134162759,-0.825038666772987,1472,6,1.4501250384346105,2018-01-01,2023-12-31
10717,ok,-0.6709087968048641,-1.9304312405408477,0.7856881624951061,1635,6,1.1685218212005115,2018-01-01,2023-12-31
10710,ok,-2.3972149721047837,-3.511939769914174,-1.1960408055686291,1884,6,1.088805675608622,2018-01-09,2023-12-30
10730,ok,0.5442576945909909,-0.4068176847075389,1.481387769262026,1873,6,1.1955481473886125,2018-01-01,2023-12-31
10754,ok,-2.176105375697257,-2.871878143233353,-0.81638498733415,1803,6,0.7384144605286028,2018-01-01,2023-12-31
10709,ok,-2.684877011753062,-4.144985308367053,-1.2334058117255076,1799,6,1.1478908758582356,2018-01-01,2023-12-31
10731,ok,-1.0171490163108976,-1.9319341166354187,1.2358025156774088,1240,5,1.159989443253656,2018-01-01,2023-12-31
10732,ok,-3.878778397963889,-4.700839512937261,-2.9613555481372567,2049,6,0.9014127173209704,2018-01-09,2023-12-31
10734,ok,-0.9792585432883528,-1.6232980926521758,-0.2664555630772725,1146,6,1.4382719768976928,2018-12-30,2023-12-31
10735,ok,-1.4613676822528203,-2.352973286703375,-0.9205899687508012,2019,6,0.5781915924684332,2018-01-03,2023-12-31
10738,ok,-0.6072745406122665,-1.6729025536307551,0.5182832325894213,1932,6,1.1591448172784533,2018-01-02,2023-12-31
10764,ok,-0.5713947892996452,-1.4353819538353796,0.912604317177106,1212,6,1.185341050846545,2018-01-02,2023-12-30
10747,ok,-0.464626658835332,-1.3780480446788368,0.3354549103476434,1530,5,1.371452334613525,2019-07-14,2023-12-31
10744,ok,6.118132409041344,4.092509830886863,7.571793446724628,1813,6,0.9691605515214752,2018-01-01,2023-12-31
10756,ok,8.104481441039058,6.722478182930902,9.894442508580116,1994,6,0.7045767496431983,2018-01-09,2023-12-31
10759,ok,4.406952392860875,2.5434040568487197,6.765028255404904,982,6,1.2420618182929388,2018-01-07,2023-12-31
10758,ok,1.3908599069945655,0.8583733044072894,2.2412739653363936,1912,6,0.6060297765745126,2018-01-09,2023-12-31
10757,ok,0.416429701379751,-0.9834249985291176,1.491531576345527,1480,6,1.237908340948877,2018-12-30,2023-12-31
10760,ok,0.0377145087442313,-0.463715515923966,2.183667539404553,1258,6,1.1826631140985997,2018-12-30,2023-12-31
10794,ok,2.177645003092089,0.7178221785074428,3.5642455666587747,1017,5,1.3849332453162275,2018-01-01,2023-12-30
10773,ok,-2.9745588024308134,-3.524363470014713,-2.409808106134532,1770,6,0.4790417042629952,2018-01-09,2023-12-29
10774,ok,-1.5391829317104255,-2.291445142460291,-0.8578593422346126,1795,6,1.4128994551843417,2018-01-01,2023-12-31
10775,ok,-1.0691295379153058,-1.8612686237455165,-0.1658771635594691,1343,6,1.445088445706065,2018-01-03,2023-12-31
10777,ok,-5.493110432966497,-7.279470886263162,-3.71591819648815,1977,6,0.8688756176892289,2018-01-01,2023-12-31
10779,ok,-0.7966838096745477,-1.376710626134714,-0.29798008921329,2162,6,0.9827764441940944,2018-01-01,2023-12-31
10780,ok,-2.016349115800009,-2.943004918289493,-1.1152442446767463,2071,6,1.0188107650791245,2018-01-01,2023-12-31
10808,ok,-2.664745983336181,-4.198712471325855,-1.8744883018202263,1202,6,1.2077202974808725,2019-01-02,2023-12-30
10791,ok,0.153816832947111,-2.1251191056829155,1.5125962642780988,1445,6,1.0642347684866549,2018-01-02,2023-12-31
10790,ok,-4.732909417326888,-6.282254695051948,-3.903118430074053,2019,6,1.0680394945579603,2018-01-02,2023-12-31
10795,ok,-2.042957924229409,-2.8588287638762284,-1.3687297339907367,2097,6,0.919010421143692,2018-01-01,2023-12-31
10796,ok,-1.2836859601487312,-2.220085622857404,-0.2872265822576603,2028,6,1.1551354470033783,2018-01-01,2023-12-31
10819,ok,-4.424283429027981,-5.593456856648565,-3.306540484039755,1784,6,1.1352410822509311,2018-01-01,2023-12-31
10800,ok,-2.0210202747351524,-2.695827905178578,-1.553247756865361,2101,6,0.7962439083584587,2018-01-01,2023-12-31
10801,ok,6.673416990133114,4.88246647933468,8.299739264893248,2085,6,0.8731699728281447,2018-01-01,2023-12-31
10802,ok,1.4007362493172026,-0.1758225601980916,3.7955971642630537,1637,6,1.1758357014794525,2018-01-01,2023-12-31
10804,ok,-11.275524324484392,-12.387378453176783,-9.540769908984236,1507,6,0.6484780658411181,2018-01-01,2023-12-31
10809,ok,1.220594389056029,0.0956344101135917,2.5154869949693714,1202,6,0.8173983363262912,2018-12-30,2023-12-31
10806,ok,-0.940526246167008,-1.5547653913462522,-0.2852072482705248,2050,6,0.7382215425320524,2018-01-03,2023-12-31
10814,ok,0.314265048733553,-0.9357926558146596,1.361437777372825,1741,6,0.9649771399560042,2018-01-01,2023-12-31
10815,ok,-1.3025131512015786,-2.2855904062801318,-0.550632482438395,1991,6,1.1685753337179925,2018-01-01,2023-12-31
10816,ok,-1.793571902745978,-4.260093318904814,-0.1322598785762685,1379,6,1.008090166453231,2018-01-01,2023-12-31
10831,ok,-2.3846846204079197,-4.153605556284412,-1.3532680449207524,1360,6,1.1783129232481762,2018-01-04,2023-12-30
10827,ok,0.90993560670799,-0.2447503586806146,1.8798370029507796,1416,6,0.8593706867801525,2018-12-30,2023-12-31
10843,ok,6.328247183563818,4.842631982343559,7.090397707048646,1996,6,1.0882527060553535,2018-01-01,2023-12-31
10830,ok,0.6562128536255263,-1.0323813579354857,1.9387947475301812,1821,6,1.0410044815630504,2018-01-01,2023-12-31
10823,ok,-0.91542487728562,-2.891283132195654,0.8025268383191848,1681,6,1.1772150280107498,2018-01-01,2023-12-31
10835,ok,1.9639978156955915,0.1674636419050977,3.835501759117221,1562,6,1.1495450718512723,2018-01-01,2023-12-31
10838,ok,-0.7475698710731948,-2.027981087818924,0.805930475892036,1557,6,1.0662382788255682,2018-01-09,2023-12-31
10839,ok,-1.3646475249719847,-3.3017947352223684,0.1286587499137681,1267,6,1.0994115042991408,2018-01-02,2023-12-31
10837,ok,-0.5931807293714434,-1.6378818113966125,1.0865995769429482,1993,6,1.008522275242076,2018-01-01,2023-12-02
10840,ok,-0.9131029757717068,-1.4146427383275018,-0.4289516241568562,2152,6,1.034622165013306,2018-01-01,2023-12-31
10841,ok,-1.898341671940157,-3.078271096501317,-0.7755320854483655,1358,5,1.1780337746403855,2018-01-01,2022-12-02
10848,ok,-0.5880216362841655,-1.0855217339361012,-0.0908479524049488,2143,6,0.6404136733914191,2018-01-01,2023-12-31
10864,ok,0.554815412063915,-1.1143203372605952,1.979358140968257,1306,5,0.9722006289217676,2018-01-03,2023-12-31
10847,ok,-0.4519690561329448,-2.018134944674968,0.6748153053859174,2016,6,0.8865638188079836,2018-01-01,2023-12-30
10856,ok,0.1880570870118303,-0.7881223775489028,1.2980058602589215,2083,6,0.9455551821794516,2018-01-01,2023-12-24
10858,ok,-1.303775099368221,-2.048863027734952,0.1516649605971309,1193,6,1.409836146229987,2018-01-02,2023-12-31
10854,ok,0.0124043886484459,-1.3647945220337077,1.2100971699678942,1912,6,1.083322911186669,2018-01-08,2023-12-30
10860,ok,-0.3204068697406469,-1.6942926861165306,0.9385056281640768,1762,6,0.7583405189750859,2018-01-10,2023-12-31
10857,ok,-0.1985675608979664,-1.666479107007035,0.8295311197703548,1607,6,1.159279131368551,2018-01-01,2023-12-30
10865,ok,1.0081601263574604,0.4112689429932243,1.6386478840448415,1651,6,0.9415663773115318,2018-12-30,2023-12-31
10891,ok,-1.163689179761196,-3.39331871410396,0.8564205897802318,852,6,1.1043660996248146,2018-01-01,2023-12-23
10873,ok,3.2057009438396644,1.9731413627289756,4.313348315917853,1332,6,0.9517711986284808,2018-01-11,2023-12-31
10882,ok,-1.9464158988557272,-3.693030445334511,-0.3784271329286603,1581,6,1.014238836986158,2018-01-11,2023-12-31
10880,ok,-0.1756497637173036,-1.0580050890833077,1.2418940868699213,1966,6,1.210997573429772,2018-01-01,2023-12-31
10874,ok,2.1981393577247363,0.7080550287833942,3.2559646420896886,1985,6,0.9265397104594286,2018-01-01,2023-12-30
10885,ok,-1.597687136682402,-3.9075792112584855,0.0084573302810199,956,6,1.2192248639927654,2018-01-03,2023-12-31
10896,ok,-3.933448901347539,-4.627507441479586,-2.992588147943165,1703,6,0.9284378258231956,2018-12-30,2023-12-30
10900,ok,-0.1039810244384931,-1.762130863257463,1.131184659917528,1237,5,0.734381727667303,2018-01-01,2023-12-31
10895,ok,0.4606147558559925,-0.6941326885899768,1.3553721708464583,1388,6,1.275998504678009,2018-01-02,2023-12-24
10901,ok,-3.164080190436939,-5.770610310573209,-0.5550721387486024,802,6,1.046006222922807,2019-01-02,2023-12-31
10904,ok,-1.488446154086922,-3.518275147100547,-0.2590336081372974,1462,5,0.9031286568149308,2019-09-24,2023-12-31
10908,ok,-1.103765538633339,-1.5004683836801649,-0.6788081789458555,1750,6,1.462314318790756,2018-01-01,2023-12-31
10911,ok,-0.4932176761713203,-1.8075616719711585,0.5271160151957499,1952,6,1.1843102354796002,2018-01-02,2023-12-31
10909,ok,-0.8832016792551385,-2.2440240353900687,1.631498508960271,1186,6,1.07096316031066,2018-01-01,2023-12-17
10915,ok,6.650132942596761,3.795957066690665,10.619579787539536,739,5,1.0371519474806017,2018-12-30,2023-12-30
10912,ok,-1.7817390312169197,-3.189005919058752,-0.694565854087623,1117,6,1.1691910973456243,2018-01-02,2023-12-31
10916,ok,-1.4581480006511829,-2.8465868120583924,-0.4859080085307776,1908,6,1.1020994132358322,2018-01-01,2023-12-30
10938,ok,-0.4973543170343091,-1.0774632116515637,0.0485764829444068,1940,6,1.3776491052608608,2018-01-01,2023-12-04
10943,ok,-0.6126250797609242,-1.3222486238069306,0.1792876814511346,1589,6,1.33420283658877,2018-01-24,2023-12-31
10951,ok,-0.7097815261922545,-2.271037486559091,1.0754081653054803,1347,5,1.2778055019134889,2019-01-28,2023-12-22
10918,ok,-0.4351389211193725,-0.9965016695339336,0.2855648921742144,1079,6,1.5338134567907713,2018-01-03,2023-12-31
10960,ok,-1.557417993179326,-2.5769268358254216,-0.3218704922514304,1014,6,1.3867702034044802,2018-01-02,2023-12-30
10961,ok,-0.9803200634396214,-1.7107653887721952,0.1434664874297812,1670,6,1.3472421620190551,2018-01-02,2023-12-31
10924,ok,-3.8660026564498224,-5.199836455771831,-2.795624860387984,942,6,1.484360604565926,2018-12-31,2023-12-31
10936,ok,-3.9361916633089113,-4.321062433042012,-2.8215922861677467,1955,6,0.589350149006024,2018-03-12,2023-12-30
10942,ok,-3.20664272359848,-4.150474437690894,-1.974336442104585,1609,5,0.8867467910306609,2018-01-01,2023-12-31
10937,ok,2.590975979809913,0.8337466760380663,4.332230939798145,1267,6,1.019404228861286,2018-01-03,2023-12-31
10980,ok,-1.6102496648926352,-2.308778151360513,-0.9617695617471104,2052,6,1.1656165326456545,2018-02-20,2023-12-31
10982,ok,-2.0541443229420318,-2.6447045541269976,-1.382828377648676,1976,6,1.2454676696463358,2018-03-07,2023-12-31
10952,ok,-1.2222049117105505,-2.4585133830100525,-0.1089216482901135,1681,6,1.0661022137219476,2018-01-08,2023-12-30
10956,ok,-1.3783932137926114,-2.277039909589207,-0.7267631248658979,2010,6,0.7222335150321428,2018-01-01,2023-12-31
10958,ok,-0.0208554968069247,-1.023954522545683,0.5443703168943936,1354,5,0.6679437694543702,2018-02-01,2023-12-31
10965,ok,-2.7247412922743357,-3.8312183679125256,-1.4271107963978458,1551,6,1.1018103465431657,2018-01-29,2023-12-31
10977,ok,1.248387898667776,-0.8429105760496388,3.115945631730908,889,6,1.2638759324250215,2018-02-10,2023-12-29
10973,ok,-1.1024808236378636,-2.5608093790280395,-0.0013110318269621,1144,5,0.982663636186134,2018-12-30,2022-12-04
10984,ok,3.3507472210006277,1.8591124072945495,4.535908633608693,1546,6,0.9850455401304484,2018-03-05,2023-12-30
10986,ok,-2.294608113386898,-3.491777120686249,-0.0859535087955424,857,6,1.09448873086316,2018-03-07,2023-12-31
10992,ok,-1.0006373593345883,-2.35311089325408,0.3797362156438943,1284,6,1.113888357527385,2018-12-31,2023-12-31
11014,ok,-2.183812667393953,-3.9329593068865023,-1.0979287047815425,927,5,1.109601057143175,2019-08-28,2023-12-27
10996,ok,-2.72814281473448,-3.2726052015137563,-2.2237914069257902,1921,6,1.3667214070581903,2018-03-21,2023-12-31
11002,ok,-0.5186119297012048,-1.5016622695765205,0.2328063932508228,2049,6,0.8549357174798063,2018-04-09,2023-12-31
10997,ok,-0.2648997938796582,-2.543446060180488,2.1321989308628546,1528,6,0.6317508417361097,2018-03-25,2023-12-31
10999,ok,-0.386589904883437,-1.53339669818906,1.9025696963331216,1605,6,1.139375730019331,2018-03-28,2023-12-31
11005,ok,-0.7276962102952781,-1.4181347963869313,0.2097912429145975,1910,6,1.2042057424620674,2018-04-11,2023-12-31
11003,ok,-2.125838511496148,-3.065257950547484,-0.6825742748697738,1914,6,0.8725453267278552,2018-04-10,2023-12-31
11009,ok,-0.3273995198722116,-1.5282158956179486,1.2602281154593165,1739,6,1.048992612863778,2018-04-20,2023-12-31
11010,ok,-2.662534786036225,-4.559656356683547,-1.270816483029047,1577,6,1.0993787761995928,2018-04-19,2023-12-31
11012,ok,5.8561384761996464,3.605992047440432,7.802951677506997,1543,6,1.0972266569327729,2018-04-24,2023-12-30
11016,ok,-0.7048599328832061,-2.1334893014980816,0.2240813326615637,1537,6,1.1450798244669216,2018-04-30,2023-12-31
11013,ok,2.111031711069101,0.400261902673297,3.1470418760779912,1060,6,1.2049729505541336,2018-12-30,2023-12-31
11017,ok,-3.536106246204864,-4.360523980395541,-2.590587349231101,1692,6,1.0604919987998636,2018-12-30,2023-12-31
11020,ok,0.1904378030441411,-0.5934866159477937,1.36166126541061,1834,6,1.2358491438425865,2018-05-07,2023-12-31
11041,ok,-1.872747460174798,-3.1806720652075824,-1.0174741860964711,1779,6,1.277808489839623,2018-06-14,2023-12-31
11025,ok,-0.0173766663927957,-1.356001141665475,0.849055933282503,1905,6,1.186802967098961,2018-05-19,2023-12-31
11023,ok,-7.15742428193537,-8.46208839824813,-6.013208247669483,1934,6,0.9883243975364464,2018-05-20,2023-12-31
11033,ok,-0.8726402613651374,-1.8110346844193992,-0.0592739394780619,1724,6,0.898345746255115,2018-12-30,2023-12-31
11035,ok,1.8680438577882152,0.8920244232955898,2.830702512251637,1890,6,1.1225751067272245,2018-06-10,2023-12-31
11030,ok,-2.414241002314932,-3.208949271007966,-1.4082100359243028,1352,6,1.426411719344443,2018-05-24,2023-12-31
11037,ok,0.3399812637113751,-0.7556335574894657,1.0990121264989217,1200,6,1.424276198061594,2018-06-24,2023-12-31
11038,ok,-2.345725316245595,-3.267821835350848,-1.1209331808215373,1871,6,1.090370451974353,2018-06-14,2023-12-31
11048,ok,2.735113063324504,0.991382214212333,4.761751741504367,1528,6,1.0984779178445951,2018-07-11,2023-12-31
11039,ok,-1.5306405417771924,-2.8108412332516157,0.0111162928404853,1731,6,1.16746411500296,2018-06-30,2023-12-31
11057,ok,-1.3786188035635614,-3.342678379345715,-0.316629948057942,1304,6,0.5925206864158257,2018-08-01,2023-12-31
11054,ok,0.9440695022628898,-1.4485252866903275,3.115947806248553,1052,6,1.167243084823223,2018-07-24,2023-12-31
11058,ok,2.959991922531774,1.6146628005270878,3.95013980996024,1603,6,1.162213409188919,2018-07-31,2023-12-30
11061,ok,-1.6282943163930006,-2.878516959015309,-0.1600838963859208,1554,6,1.0725200212969326,2018-08-05,2023-12-31
11047,ok,-3.486188321363298,-4.377990194700098,-2.626780907020143,1797,6,0.8254890278526053,2018-07-08,2023-12-15
11053,ok,1.3446384751693363,-0.0378903835012692,2.3652088587380997,1497,6,1.186467423645713,2018-07-16,2023-12-31
11063,ok,-3.187577922366258,-6.42165043634657,0.3050899213351277,1209,6,0.9763120187930387,2018-08-11,2023-12-31
11064,ok,0.3705423029570553,-0.4784759623518431,1.12814054379391,1357,6,1.2172496497952892,2018-08-14,2023-12-31
11088,ok,-0.3426491584094582,-0.9709495122097956,0.7450239038657325,1724,6,1.3213972967666026,2018-10-29,2023-12-31
11077,ok,-0.9480586157512016,-1.735010508796376,-0.2306724679438376,1752,6,0.66188760024762,2018-10-04,2023-12-31
11096,ok,2.887176549738352,1.262136032959893,4.18713225468319,1496,6,0.6541961711876669,2018-10-21,2023-12-31
11097,ok,-2.1457290576497865,-3.186658752525017,-1.365350617481348,1324,6,1.3325433600447705,2018-10-23,2023-12-30
11072,ok,-1.2535650013155129,-2.095416620760808,-0.1313878357974159,1607,6,1.143500270373189,2018-08-18,2023-12-31
11080,ok,-0.9357537447092776,-2.3700230937497597,0.1061955467155697,1576,6,1.0494103065337912,2018-10-12,2023-12-31
11076,ok,-1.3826887669067922,-3.968092779933064,0.0427176099164794,1531,6,1.058773758327574,2018-09-10,2023-12-20
11107,ok,-1.606014253775273,-2.667492380166728,-0.9399413269698342,1832,6,0.767955890295139,2018-11-14,2023-12-31
11078,ok,-0.8906684848737929,-2.7627217913974875,0.9777419315194048,1143,6,1.0875820263653542,2018-09-22,2023-12-31
11081,ok,-0.1998683648509595,-1.3361287850119474,0.7749260770515658,1249,6,1.1978729160340025,2018-09-27,2023-12-30
11086,ok,3.4249260337357867,1.7092753485250078,5.695408715894792,1175,6,0.9515119817683344,2018-12-30,2023-12-31
11087,ok,0.9886856325254878,-0.5379955901663402,2.7207079957347844,1582,6,0.8916918786545489,2018-10-03,2023-12-31
11117,ok,-0.9283423492810304,-1.9854404353608204,-0.0282049695340513,1055,5,0.9271717030052772,2019-07-09,2023-12-26
11090,ok,-1.228392781950436,-1.8819320650114213,-0.7013338120565482,1751,6,0.5660419376461557,2018-12-30,2023-12-31
11095,ok,-2.846616663094259,-4.100665367013024,-2.024622288566857,1520,5,1.1193231731796391,2019-06-30,2023-12-30
11089,ok,0.7251083382274315,-1.5071694222376752,2.2381763354273945,1483,6,1.1858764261923531,2018-10-24,2023-12-31
11111,ok,0.6406808250328133,-0.2942038813560887,1.8561592243547145,1584,6,1.2962414445690311,2018-11-20,2023-12-31
11128,ok,-2.451413022123541,-3.138983150223873,-1.1604665039466806,1149,5,1.3361290504716146,2019-01-03,2023-12-30
11106,ok,-0.844723473732778,-1.3769140501687067,-0.4316680777530113,1593,6,1.2729454483431273,2018-11-05,2023-12-31
11108,ok,-1.39043727816272,-2.3714594574118983,-0.3574624302636886,1647,6,0.9229398494466295,2018-11-15,2023-12-31
11112,ok,-1.1744586494831777,-2.6111371931418,-0.2381013615561033,1492,6,1.077877474674308,2018-11-28,2023-12-31
11114,ok,-3.505562416197916,-4.398570554292034,-2.713191010609173,1701,6,1.0272201901134166,2018-12-04,2023-12-31
11120,ok,-0.2699949077873187,-1.798272510447818,0.8422644075871021,1506,6,1.1072176423557942,2018-12-18,2023-12-31
11121,ok,-4.063800998981493,-5.252097463971217,-2.298692994884466,1653,6,1.0871124798418923,2018-12-18,2023-12-30
11126,ok,-1.2931911983406132,-2.2913205667952186,-0.2882956536339964,1198,6,1.1185272832101092,2018-12-25,2023-12-31
11135,ok,2.934440711763475,1.8016929930055547,4.527198333313009,1439,5,1.1474207288666225,2019-01-13,2023-12-29
11127,ok,-0.962478054648752,-1.7540907081093904,0.0439006676224115,1636,6,1.1763300820760578,2018-10-07,2023-12-31
11131,ok,-1.2135653463732743,-2.828876848050238,-0.04988511965108,1626,5,1.077428999696442,2019-01-06,2023-12-31
11136,ok,0.127225711343637,-0.6866764430349503,1.1292910661027111,1670,5,1.0175610272660465,2019-01-15,2023-12-31
11138,ok,5.072113919745454,4.270116289549897,6.499756780032279,1469,5,1.1001335896544768,2019-01-20,2023-12-31
11134,ok,2.544963065778705,0.7383711785135783,4.127039374766439,1298,5,1.185767983277087,2019-01-15,2023-12-29
11141,ok,1.1336960767134028,-1.3013984627882946,4.484260026107197,730,5,1.141414469271763,2019-02-03,2023-12-31
11147,ok,-1.4120719659795962,-3.4653373222624104,-0.1603536623783558,1547,5,1.0706011884390916,2019-02-10,2023-12-31
11149,ok,-11.323158414159291,-12.465219633354137,-10.19964472191092,1609,5,1.0078746627563018,2019-02-13,2023-12-31
11150,ok,-1.0062752120807872,-1.8561476026311587,-0.1686172721661938,1586,5,0.7656674350896555,2019-01-30,2023-12-31
11153,ok,2.328544548399175,0.6301605597078819,5.220884483002489,1191,5,1.1938560408486247,2019-04-04,2023-12-31
11154,ok,-1.2909992066084883,-2.290633291445144,-0.33250580762501,800,5,1.3896065158469062,2019-03-12,2023-12-30
11157,ok,-5.262905289393526,-6.276425706247481,-4.020941106076126,1518,5,0.8824426750327554,2019-03-07,2023-12-31
11158,ok,-1.9086652449858603,-2.9171137439856065,0.5244817760063469,1172,5,1.1558802064157256,2019-03-08,2023-12-30
11155,ok,-2.6166092409122133,-3.1753207480056176,-2.035083714465441,1254,5,0.9041254884590796,2019-03-02,2023-12-31
11159,ok,-2.290025742937326,-3.198703937669193,-1.5761566290444442,1651,5,1.078092480217792,2019-03-01,2023-12-31
11183,ok,0.7090110843604743,0.0513667715667071,1.7558326076665631,1200,5,1.3546206095606084,2019-04-16,2023-12-31
11188,ok,-0.5612487823871597,-1.7234232025971186,0.6256532380226517,1239,5,1.3699161024266848,2019-11-26,2023-12-31
11190,ok,-0.0577032119780307,-0.8934175922815646,0.8493321595345493,1431,5,1.1980368419581868,2019-04-25,2023-12-31
11165,ok,-2.914758132857376,-4.487543551739905,-2.1460558508885064,1045,5,0.9321374139797816,2019-03-17,2023-12-31
11166,ok,0.2127825053491972,-1.1873697593026478,0.9593982753163366,1630,5,1.2238743289370095,2019-03-18,2023-12-31
11170,ok,-3.5353255906688807,-4.654117080473085,-1.137764898856053,1098,5,0.9562923767950948,2019-03-26,2023-12-31
11174,ok,-0.9829667468729042,-2.136793587547925,0.2419364727703099,1509,5,1.169244020401394,2019-06-19,2023-12-31
11177,ok,-2.556669718383208,-3.4418021630810536,-1.3315327897154603,1526,5,1.2601361977541452,2019-04-06,2023-12-31
11175,ok,-1.1676582935656157,-2.38448540445771,-0.0974106453706575,1650,5,1.02215776129462,2019-03-30,2023-12-31
11191,ok,-0.5037615576007237,-1.5037648247561597,0.484847038597147,1612,5,0.8423327712370914,2019-04-27,2023-12-31
11182,ok,-0.4979370220048518,-2.101434760496536,0.712465192093517,1297,5,1.1584322212296287,2019-04-28,2023-12-28
11193,ok,-2.0525893590161504,-3.0842088314820133,-0.738426843353435,944,5,1.2850466766857074,2019-05-18,2023-12-30
11210,ok,-2.0090706863765684,-2.923950865483792,0.0372540692767708,1408,5,1.1606759748359,2019-07-22,2023-12-30
11203,ok,-0.7876508055607578,-1.404628291485229,-0.2297134008475517,1344,5,1.4154345041562952,2019-06-06,2023-07-18
11186,ok,-1.082541699566908,-1.5745066722509415,-0.5305657989275832,1587,5,1.4167081394532657,2019-05-02,2023-12-31
11216,ok,-1.994602873912371,-3.0973218092162917,-0.6299244967232331,1635,5,1.0810895772304814,2019-06-07,2023-12-31
11194,ok,1.9151343037296464,0.1660623901567737,3.5922210020227663,1122,5,1.1724360544551162,2019-05-01,2023-12-31
11220,ok,-0.674396752169365,-1.4913800554945345,0.3407098519988327,1219,5,1.3991744022722217,2019-11-27,2023-12-30
11200,ok,-0.6277192548497901,-1.430668662056045,0.6884714179045792,1629,5,0.8610150075746564,2019-05-12,2023-12-31
11199,ok,0.6474716831609628,-0.6407719135904453,2.580418860582812,1489,5,0.9161556285171712,2019-05-11,2023-12-31
11197,ok,0.3276459505864807,-1.4307793060746423,2.9359053274330504,1045,5,1.2027900318574518,2019-05-07,2023-11-10
11208,ok,-1.2640186961003996,-2.5835160172869687,-0.0145829542911091,1541,5,1.0621501797063782,2019-05-25,2023-12-31
11209,ok,-0.5998386168804992,-2.2656542272088065,1.5264656833100934,1159,5,1.2475254839058998,2019-11-17,2023-12-30
11234,ok,-10.33564295422701,-11.105170936316156,-9.406938138128204,1617,5,0.8759463384943929,2019-07-02,2023-12-31
11242,ok,0.0758310270950912,-1.5003564104405065,1.26565421625906,1388,5,1.1918946264214545,2019-07-14,2023-12-30
11212,ok,-0.127010632979152,-1.2650570170191722,1.489279177185887,1283,5,1.1946977620372845,2019-05-30,2023-12-31
11213,ok,2.9540182946180567,1.9063487236277323,3.735941280989874,1380,5,1.0174607834273903,2019-05-31,2023-12-31
11217,ok,1.2890311516834283,-0.0512098489669201,2.843485174797671,1509,5,0.9926764025173042,2019-06-04,2023-12-30
11252,ok,30.02282757353472,26.53284998413234,35.12554211681018,1551,5,0.6487100589839992,2019-07-28,2023-12-31
11221,ok,2.8537450466321266,1.3745203866778022,4.486692139825266,1293,5,0.9778378960046628,2019-06-13,2023-12-31
11218,ok,0.6868175403898391,-0.7541787886800841,2.4015576467320394,1271,5,1.178190377288021,2019-06-04,2023-12-30
11226,ok,-2.987319448902248,-4.097804498465925,-1.6346427035159317,1404,5,1.0517111505166064,2019-12-09,2023-12-31
11230,ok,2.9011359911383927,1.7110707162154348,4.436596119815238,1459,5,1.2754705499953165,2019-06-30,2023-12-31
11250,ok,0.2448594296403428,-0.867475249181493,1.6570385428120504,1061,5,0.8651633078825484,2019-07-24,2023-12-31
11225,ok,-0.9580675647691994,-1.8648482180248949,0.0984621288333222,1489,5,0.713968246390987,2019-07-04,2023-12-31
11257,ok,-1.604058641564171,-2.5157163956272437,1.0895037750134673,1356,5,1.1618869542003578,2019-11-14,2023-12-31
11243,ok,0.0923546329333631,-0.8594066485714924,1.5435286985168606,1575,5,0.895534650164223,2019-07-16,2023-12-31
11259,ok,-0.0431113068423389,-1.1691944284369704,1.7201813943658273,1012,5,1.226217374694713,2019-08-12,2023-12-31
11317,ok,-0.1859658306374135,-1.6981262218347246,1.4222692955017768,730,5,1.3334109812017123,2019-11-20,2023-12-24
11266,ok,-0.4152055674818466,-1.655048715403562,0.3030198285628338,1266,5,1.2946231925690426,2019-09-15,2023-12-31
11296,ok,-0.0704666625124685,-2.6855651274859893,2.176657513478031,1145,5,1.0610408836436305,2019-11-04,2023-12-31
11270,ok,-1.4151370369206413,-2.27670559714066,-0.5581913229543773,1474,5,0.8129233786699719,2019-09-07,2023-12-31
11299,ok,-0.7610452054541916,-1.549373484726302,0.3415301551707717,1392,5,1.3231739944324064,2019-10-30,2023-12-31
11306,ok,4.09549281646731,1.3634113087543365,5.272236263105978,895,5,1.1224875349135797,2019-11-17,2023-12-30
11466,ok,0.9588447234523678,0.719447804669765,1.393738154723112,1576,6,1.5104072538835895,2018-01-01,2023-12-31
11309,ok,-1.5196068355970875,-2.7030419117755056,-0.5093468624257191,1253,5,1.0118938787393543,2019-11-23,2023-12-31
11473,ok,-0.3614332196868128,-0.8485749059426562,0.1968303390109782,2169,6,0.9631407887252096,2018-01-01,2023-12-31
11485,ok,2.019866937850212,0.965098506862394,3.415833209370001,1699,6,1.2264182385367284,2018-09-18,2023-12-31
11489,ok,-1.2380217391488646,-2.893219417143128,0.2998926526692463,1589,6,0.9854589656464656,2018-06-27,2023-12-31
11476,ok,-6.6254516320609085,-7.459540566256169,-5.881635371642624,1979,6,0.8415252826107468,2018-01-01,2023-12-31
11334,ok,-0.4277283205302392,-1.5644646538638904,0.9361991335068098,1280,4,1.215425728007103,2020-02-07,2023-12-31
11498,ok,-0.4322147787284125,-1.642264099416657,1.2599232712336594,1703,6,1.0854463152127385,2018-01-11,2023-12-31
11502,ok,-1.5013709858933495,-2.3762958592903227,-0.4451145302236226,1042,6,1.5123370414402968,2018-01-01,2023-02-25
11501,ok,-1.3197810664566734,-1.7615972208348585,0.0122328684326306,1850,6,1.1368770781781603,2018-01-12,2023-12-31
11324,ok,-0.7502558627579647,-3.1726577831002967,0.2312777512011754,1202,5,1.2962271413547883,2019-12-21,2023-12-31
11508,ok,-1.462671530758003,-2.6442618385469463,-0.3131708160128532,1797,6,0.7531080031764202,2018-01-12,2023-12-27
11511,ok,-1.063034692523579,-1.831384451959317,-0.1350094591480409,1356,5,1.2573940391284717,2019-12-14,2023-12-28
11510,ok,-0.9550803631036542,-1.669809051772989,-0.1092623166627469,2109,6,1.1912173056464597,2018-01-01,2023-12-31
11512,ok,-0.0997981455671148,-2.4213295822650416,1.8368070503981424,1101,5,1.194538347886852,2019-09-04,2023-12-31
11470,ok,-1.3231982421689217,-2.378002507237287,0.5882091477988952,1126,5,1.251811432019672,2019-12-05,2023-12-31
11516,ok,-0.9330100018348442,-1.8231968200291715,0.2469768472679989,1819,6,1.1043188008317744,2018-01-06,2023-12-31
11460,ok,1.6900060108767656,0.7456879754766721,2.968939509192543,1285,6,0.7808842914857165,2018-02-11,2023-12-30
11535,ok,1.4377429796347343,-3.195851060036614,3.355722467126278,864,6,1.2861786580007344,2018-01-01,2023-12-30
11479,ok,-0.0032310142525402,-1.0362721042006973,1.677145308471939,2069,6,0.960985062305548,2018-01-01,2023-12-31
11482,ok,-5.447398819539195,-7.203229946351519,-3.5793565305812347,1335,6,0.6460993687681856,2018-01-08,2023-12-31
11490,ok,-6.3047688952178405,-8.119696159039972,-4.49780242295318,1328,6,0.928586778769958,2018-01-01,2023-12-31
11554,ok,-5.761099831800265,-7.027154491287363,-3.421811234084121,937,4,0.6780361493894835,2020-02-19,2023-12-31
11555,ok,-1.0514185651301995,-2.253823830013091,0.5740093907858997,1681,6,1.2187418473958878,2018-01-02,2023-12-31
11562,ok,-1.8675106396403685,-2.4577014707566347,-0.9746302994836809,2153,6,0.9985900801340252,2018-01-01,2023-12-31
11571,ok,-1.9434072894038767,-4.008388058732271,-0.3678462052512645,919,6,1.253143040305033,2018-01-01,2023-12-30
11581,ok,-2.706955587262285,-5.366410180196009,-1.2714609264638812,1219,5,0.889731186293794,2019-01-30,2023-12-30
11576,ok,-2.963131285341936,-4.308200863004297,-1.8066030270771691,1941,6,0.8295360601979018,2018-01-12,2023-12-31
11582,ok,8.120228396396923,6.565590995969428,9.642538619293829,1536,6,0.7537067439094982,2018-01-04,2023-03-09
11587,ok,1.8012767447104312,0.0716603296606548,3.9029777351672736,1837,6,1.1284637290518251,2018-01-03,2023-12-31
11596,ok,-0.2755325153601051,-2.536662234523968,1.8497157439049217,1704,6,0.7464513818967164,2018-01-02,2023-12-30
11601,ok,-1.5633222921707652,-2.669630601531624,-0.3705798443750447,758,5,1.3083648454596388,2019-10-28,2023-12-31
11612,ok,-1.4948022530079763,-2.3039384769444893,-0.4882889281983549,2005,6,1.0830661508625403,2018-01-09,2023-12-31
11614,ok,-1.5122214133721834,-2.918540044459794,-0.5710990887654921,2025,6,1.086450280533748,2018-01-01,2023-12-31
11619,ok,-1.7472180531648944,-2.768641619280121,-0.9281850082870692,2042,6,1.0942020388782647,2018-01-01,2023-12-31
11627,ok,0.3451171626372762,-1.1695436760660982,1.633247634596935,1171,5,1.1583587376306914,2019-12-28,2023-12-31
11549,ok,-1.4354148166034475,-2.7728475039625,-0.184003034879843,1434,6,0.8463113915212483,2018-01-08,2023-12-31
11539,ok,-1.1627201592184202,-1.6931474254953305,-0.4632420639462786,767,6,1.5239440915412676,2018-06-12,2023-12-31
11635,ok,0.3643653531144885,-1.3051383877837277,1.7650878185024976,1736,6,1.1848266799193945,2018-01-01,2023-12-29
11648,ok,0.1158878075715803,-0.8651985416197966,1.174906576741452,2019,6,1.162998790457641,2018-01-01,2023-12-31
11589,ok,-0.7041209486815019,-2.2327002756701693,0.3796053783793995,1528,6,0.9723038135281716,2018-09-07,2023-10-03
11660,ok,-2.6563322646547745,-4.205227829181478,-0.8266839379418478,914,5,1.1008077316482927,2019-02-05,2023-12-31
11607,ok,0.2397955786479721,-1.5023255125020245,2.470397690447468,1546,6,1.0788025097579892,2018-02-02,2023-12-31
11673,ok,-2.384110666692174,-3.932936856240854,-0.7434279727924986,1490,5,0.9206580724684372,2019-10-02,2023-12-31
11675,ok,-0.195124455628004,-1.16491101706524,0.5939754584665835,1133,6,1.4258521541967946,2018-08-30,2023-12-31
11625,ok,-1.172565566840722,-1.7824901077905353,-0.5805935143929131,1420,5,0.5586699369846938,2018-01-11,2023-12-30
11696,ok,-0.9741632319337334,-1.2779682812171882,-0.4188040892907235,2100,6,1.1779634623815634,2018-01-01,2023-12-31
11694,ok,0.1476446292191569,-0.5950886670798128,0.8784085904963399,1950,6,1.239672185760459,2018-01-01,2023-12-31
11681,ok,0.8690518043721852,-0.7620017060080294,2.74374846959774,1218,6,1.0781332686933398,2018-01-07,2023-12-31
11705,ok,0.1189563216113187,-1.5083873334027376,1.108169329931863,1979,6,0.9976179249626812,2018-01-10,2023-12-31
11718,ok,-3.36753333275255,-4.49356505894459,-1.7334691858408302,1406,6,1.0418928825917335,2018-01-02,2023-12-30
11721,ok,2.040207331553644,-0.2119160857330992,2.9043719716962806,1418,6,1.154068721348429,2018-01-05,2023-03-10
11729,ok,2.267127165549524,1.1140642196137942,4.405345052981557,1674,6,1.0371197069800289,2018-01-01,2023-12-30
11738,ok,-1.1748517042609652,-1.8514689225054608,-0.573118126443995,1167,6,1.4701668626682678,2018-08-30,2023-12-31
11735,ok,-1.9009076976829,-2.910519644158013,-0.7192637196529155,887,6,1.3147310158209766,2018-01-02,2023-12-31
11643,ok,-0.728584400854615,-1.957687984379275,0.4187663738264291,1843,6,0.9985324502723678,2018-06-06,2023-12-31
11723,ok,-2.703258704998496,-3.927557367962464,-2.106180050651396,1622,6,0.6399348080221117,2018-01-08,2023-12-31
11710,ok,-1.0701606135667507,-2.723921680321162,0.4733077471039459,1843,6,1.019199118625673,2018-01-01,2023-12-31
11744,ok,-8.607823256712047,-9.369631305163937,-7.824575752890064,1535,6,0.4502033876220373,2018-01-05,2023-12-30
11761,ok,-0.391191421361664,-1.5855177022946587,0.6198587950520167,1391,5,0.7349276968463773,2019-09-15,2023-12-31
11666,ok,3.029701405135449,0.2955016735771532,5.277319390386671,920,6,1.2084504890591656,2018-04-10,2023-12-31
11769,ok,0.8518080967109931,-1.094287348595413,2.24874203931249,1083,5,1.121662779669665,2019-12-16,2023-12-26
11688,ok,-3.94623692976225,-5.6866086310469965,-2.2372440207092152,1078,5,1.0646496989364738,2019-07-07,2023-12-31
11767,ok,11.44147911775558,10.173435917108366,12.437848061508491,1866,6,1.3148141078916218,2018-01-01,2023-12-31
11777,ok,-0.5815431967284481,-1.380628314143928,0.547906374286996,1855,6,0.6963599167789423,2018-08-23,2023-12-31
11780,ok,-0.5197099040834707,-1.7029442092216571,0.5364450763216067,2055,6,0.984217725970507,2018-01-01,2023-12-31
11787,ok,-1.6251429898793246,-2.653388606260683,-0.6864734589791736,797,6,1.4214075717595258,2018-01-01,2023-03-22
11795,ok,-1.131360109185775,-1.7249370537920483,-0.6411332768875808,985,6,1.4905974742664994,2018-01-16,2023-12-31
11800,ok,-0.6298495736755783,-1.5586889173272889,0.2347322507498946,1581,6,1.1438266146250549,2018-01-01,2023-03-09
11802,ok,-1.8278072963076764,-2.79873615718636,-0.5002211801562337,1653,6,0.7561830221971289,2018-01-01,2023-03-06
11740,ok,-9.639678042135142,-11.059968013774023,-6.596632316640967,1180,4,0.9424089726976644,2018-01-24,2023-12-30
11817,ok,-3.934563439862412,-5.769458777845662,-2.514434461122174,754,6,1.3687111229937226,2018-02-15,2023-12-31
11739,ok,2.026804153789408,-0.5483399248827625,3.427173436422003,1160,6,1.1096481788946135,2018-01-01,2023-12-11
11814,ok,-2.217317711909389,-3.207369541412386,0.1159022638594908,2015,6,1.0307064260830603,2018-01-01,2023-12-31
11741,ok,-1.4783726458329944,-2.6058732657841315,-0.0968071159589634,1698,6,0.944792821787329,2018-03-12,2023-12-30
11747,ok,9.008647171511544,7.01401207471128,11.001796573273026,1693,6,1.065033005768101,2018-06-07,2023-12-30
11827,ok,3.379546808541989,2.801714081801948,4.144230402499325,1862,6,0.7104673346006937,2018-01-01,2023-12-31
11832,ok,-0.7905440629033311,-1.4615274307546222,0.3553699555460627,1789,6,1.1442653024517293,2018-08-23,2023-12-31
11835,ok,0.618190129180296,-0.5454615939645802,1.845196419321807,1642,6,0.8452474561970847,2018-01-01,2023-03-06
11840,ok,-0.6920978177253789,-1.7536676227147248,0.420466290120285,807,6,1.3922997607876195,2018-01-02,2023-12-31
11772,ok,0.2424965790208295,-0.7671667015501069,1.0009451770636724,1919,6,1.0527126317924227,2018-03-18,2023-12-31
11841,ok,0.3366974009742229,-0.889334220670368,1.7520719720012623,1831,6,1.1385953300952525,2018-01-01,2023-12-31
11853,ok,4.339235151393305,2.4065221321537766,7.375401794711356,1425,5,1.0037678607533655,2018-01-08,2023-12-31
11763,ok,-1.739656823393676,-3.250057754947844,-0.166552607024073,1468,6,1.0809078974975994,2018-01-05,2023-12-31
11848,ok,-1.0451992618819794,-1.9479439638468987,-0.1970771287792173,1350,6,1.4384758399364466,2018-01-01,2023-12-31
11867,ok,1.2254869949899772,-0.8539458765480544,2.983327188415985,1319,5,0.9382275947412476,2019-05-12,2023-12-31
11882,ok,1.5839794022205478,0.7297665724423696,2.6509188365572367,1540,6,1.2735409761499616,2018-01-01,2023-12-31
11875,ok,2.2506799183360737,0.8826578164598531,3.3900011234238137,1083,4,0.9055792227644484,2018-01-01,2023-12-31
11876,ok,0.6511269097793346,-0.4686678710210223,1.306194219456558,1171,6,1.4767455098518076,2018-01-01,2023-12-31
11879,ok,-1.004506038398497,-3.4554934625259563,0.7659455191535028,1379,6,1.1644036516743503,2018-01-01,2023-12-31
11893,ok,-3.033771788333406,-4.083159961513946,-1.8777882516793476,1077,6,1.1049365807205955,2018-05-16,2023-12-31
11892,ok,-3.633243238334696,-5.532507275672328,-1.7885826666360674,1364,6,1.0747833946290393,2018-01-08,2023-12-31
11906,ok,-4.272973723141501,-5.346163103613577,-2.2188141563508124,1019,4,1.287834990934582,2019-04-09,2023-12-31
11895,ok,-0.3608076299116046,-1.746297957139209,1.5458292173139436,1735,6,0.9182047825346826,2018-03-18,2023-12-30
11897,ok,-1.0534040810899838,-1.7534617542009416,-0.375673547808264,1838,6,1.096277241935915,2018-09-19,2023-12-31
11911,ok,-3.682775165904928,-4.499037836301032,-2.814646071825888,1802,6,0.8391437486098889,2018-10-05,2023-12-31
11912,ok,-0.5239583220836952,-1.644260766084682,0.8765797488772265,1255,4,1.104438530969078,2020-02-19,2023-12-31
11913,ok,-3.2005097710618102,-4.197589902010979,-2.0154814222969204,1124,6,1.4295447707106788,2018-01-03,2023-12-31
11822,ok,-1.0605854010226734,-3.0028612643503827,1.3902282065360705,976,5,1.216183076687758,2018-01-04,2023-12-31
11944,ok,-2.262627559543362,-3.310626932574101,-1.5608451899422835,2099,6,1.1751882254776655,2018-01-01,2023-12-31
11946,ok,3.2467397648702265,2.417260743662175,4.082306005763851,984,5,1.38240252590811,2019-07-01,2023-08-15
11936,ok,0.3411714677249877,-1.4754064927814614,2.142238808419461,1778,6,1.0925327152846445,2018-07-19,2023-12-31
11947,ok,-2.4676517611672333,-3.8939560662286654,-0.9234506790931368,1645,6,1.0159563391225783,2018-01-10,2023-12-31
11952,ok,-1.114151100607319,-2.3608765156483136,-0.3202030227168917,1820,6,1.0243727400254077,2018-01-14,2023-12-31
11834,ok,-0.4687997084967088,-1.954264343135348,1.231156445038962,1543,6,0.8212729868185398,2018-01-10,2023-12-30
11970,ok,0.7952892916283766,-0.9751505779396984,1.7089205465382484,1410,5,1.141597812795192,2019-06-26,2023-12-31
11967,ok,0.8279579728911837,-0.6565789913157577,2.4119103763131284,1597,6,1.1572636425054053,2018-01-03,2023-12-31
11971,ok,2.221431700482801,0.5991560233199689,3.452101539212382,1733,6,1.0105496210633242,2018-01-12,2023-12-31
11976,ok,-1.223193845503756,-2.375578489573727,-0.0614720438032033,1702,6,1.380113561388392,2018-01-01,2023-12-31
11986,ok,-3.270357438418489,-4.4979250000595,-1.895579339749465,1440,5,0.9361189025407652,2019-07-24,2023-12-31
11988,ok,3.739476901834649,2.473234187911744,4.823420868338754,1613,6,0.9322741565071356,2018-01-11,2023-03-07
11987,ok,2.4307487419135576,0.7684199916660469,3.4845566012638773,1581,6,0.903612991754161,2018-01-12,2023-12-31
11995,ok,3.681648608993626,2.6376173128071745,5.051376869588209,2129,6,0.7584530499519561,2018-01-01,2023-12-31
11990,ok,-1.9819485778569068,-2.829032182270039,-1.2289894204749352,1971,6,0.6777639785275543,2018-01-01,2023-12-31
12006,ok,-2.292983496711116,-3.751669485320026,-0.9363813456431724,1395,5,0.6528750616819351,2019-09-10,2023-12-31
11930,ok,-1.0534005934817017,-2.353692039781874,-0.0309505430890255,1395,4,1.0752810837605338,2020-01-04,2023-12-31
12007,ok,-1.4304008353231312,-1.978398232659262,-1.08106342267682,1471,5,0.6529728158608048,2019-07-14,2023-12-31
11937,ok,0.695497823484541,-0.3341126425708561,1.705202048331489,1424,5,0.7711271802658339,2019-12-19,2023-12-31
11894,ok,-2.630720831357969,-3.25123278029214,-2.1002591440024334,1708,6,1.3153887861012112,2018-01-02,2023-12-31
12020,ok,3.5522177340098104,0.7129487670539784,4.8645724770056304,1021,5,1.1385708326993134,2019-07-27,2023-12-31
12016,ok,-6.611947687106321,-7.318770960500198,-5.622167706678738,1566,6,1.325405191766034,2018-01-01,2023-12-31
11933,ok,-1.002823389019281,-2.2102740024736858,0.5887005810612855,1292,5,1.2036902014495698,2019-08-29,2023-12-31
12028,ok,-4.960549650513721,-6.002735969993838,-2.9104555542326773,1221,6,1.3922751087110576,2018-01-01,2023-12-31
12035,ok,-1.0917197669833811,-2.261696922760792,-0.1744062693036951,935,5,1.5258227519304313,2019-04-05,2023-12-31
11943,ok,-5.757747938444818,-6.644476512833963,-5.034984170210056,1809,6,0.8506261382677281,2018-01-01,2023-12-31
12046,ok,0.6228565817099296,-0.8214423660333049,2.456220635244476,1751,6,1.1216312120027736,2018-01-01,2023-12-31
12051,ok,-2.8227025643465407,-3.5250186062379143,-2.1757095261001647,2062,6,0.8697033166610533,2018-03-25,2023-12-31
12061,ok,-2.9939715204842177,-3.8345154285087,-1.34816369360915,1643,6,1.1670046647328256,2018-01-01,2023-12-30
12060,ok,12.292446258034394,10.502087806094956,13.971689064337216,1811,6,1.2130833971387074,2018-01-01,2023-12-31
12048,ok,-5.687673258799336,-6.598658776855382,-5.141891910725549,1605,6,0.7020539648843017,2018-06-13,2023-12-15
12067,ok,-5.622386360243048,-8.7773530650331,-4.277558474401011,1372,6,0.7461183377530908,2018-01-09,2023-12-31
12062,ok,-2.2194860678436568,-3.423324865957156,-0.9069645767783852,1756,6,0.7674813316895202,2018-01-12,2023-12-31
12068,ok,3.992320491569166,1.575767263475325,5.112394580411333,1182,6,1.237248400703226,2018-07-20,2023-12-31
12082,ok,-0.0958997685698345,-1.4792624504536451,1.4683674192209173,2000,6,0.8799459104716629,2018-01-11,2023-12-31
12087,ok,-0.2932309009535283,-1.3273298554309003,0.6422505029772263,2025,6,1.0196537144093931,2018-01-02,2023-12-31
12091,ok,3.6039015726461936,1.9416414104449609,5.395374237671002,1129,6,0.8499828549211818,2018-01-13,2023-03-09
12099,ok,-3.430961820328138,-4.141336093273528,-2.6268237096819025,1545,6,0.803480332893447,2018-01-03,2023-03-20
12014,ok,3.05865415174571,2.117403130697082,3.622644859663926,1537,6,1.227026844094615,2018-01-01,2023-12-31
12141,ok,-1.160202677387112,-2.087852206191698,0.4333206430991054,1958,6,1.01546074982175,2018-01-01,2023-12-31
12134,ok,2.606850624143342,1.7043261304251045,3.3676891444177555,1560,6,1.441828296282433,2018-01-01,2023-12-31
12197,ok,-0.2150367316653301,-2.524585421080672,1.6654122644580602,1159,4,0.8124301224012609,2020-02-01,2023-12-29
12161,ok,-1.6975251840549432,-2.6210979889627133,-0.5943038775685828,1688,6,0.5567348100216749,2018-01-10,2023-12-31
12184,ok,1.5353186372018983,0.7260792057068037,2.881480230334922,1129,6,0.4259868596014108,2018-01-01,2023-12-31
12294,ok,-5.480557457836421,-6.613627058881939,-4.2054402445732215,743,5,1.4093368556412702,2018-01-03,2023-12-31
12280,ok,0.1252067268522995,-1.1396581534644623,2.0819781904635293,1271,6,1.096935649419406,2018-01-03,2023-12-11
12032,ok,-0.3948493999406277,-1.7934439039847927,1.118549163962038,1719,6,1.0353562175906328,2018-01-01,2023-12-30
12098,ok,0.0184975424809108,-2.2145793924501334,2.1678773624728143,1410,4,0.6749441679224932,2020-01-06,2023-12-30
12055,ok,-4.995862185709166,-6.6611934811343865,-3.3018218567382185,1040,6,1.0352345155540783,2018-01-02,2023-03-06
12221,ok,0.6173649297661177,-0.3312680394693235,1.6370099639150482,1804,6,1.3287860854384397,2018-04-13,2023-12-31
12325,ok,1.2153886351281469,-0.386233567403401,2.829889298533683,1289,5,0.8371391238438712,2018-01-01,2023-12-31
